USE highschool;

INSERT INTO family(family_id, name) VALUES
(1, "Informàtica i comunicacions");

INSERT INTO course(course_id, name, acronym, family_id, level) VALUES
(1, "Administració de Sistemes Informàtics en Xarxa", "ASIX", 1, "superior"),
(2, "Desenvolupament d'Aplicacions Multiplataforma", "DAM", 1, "superior"),
(3, "Desenvolupament d'Aplicacions Web", "DAW", 1, "superior"),
(4, "Sistemes Microinformàtics en Xarxa", "SMX", 1, "mitja");

INSERT INTO subject(subject_id, course_id, name, acronym, hours) VALUES
("0369", 1, "Implantació de Sistemes Operatius en Xarxa", "ISO", "224"),
("0370", 1, "Planificació i administració de xarxes", "PAX", "192"),
("0371", 1, "Fonaments de maquinari", "FHW", "96"),
("0373", 1, "Llenguatge de marques i sistemes de gestió d'informació", "LLM", "96"),
("0374", 1, "Administració de sistemes operatius", "ASO", "120"),
("0375", 1, "Serveis de xarxa i Internet", "SXI", "120"),
("0376", 1, "Implantació d'aplicacions web", "IAW", "100"),
("0377", 1, "Administració de sistemes gestors de bases de dades", "SGBD", "60"),
("0378", 1, "Seguretat i alta disponibilitat", "SAD", "100"),

("0483", 3, "Sistemes Informàtics", "SI", "160"),
("0484", 3, "Bases de Dades", "DBA", "160"),
("0485", 3, "Programació", "PRG", "256"),
("0473", 3, "Llenguatge de marques i sistemes de gestió d'informació", "LLM", "96"),
("0487", 3, "Entorns de Desenvolupament", "IDE", "96"),
("0612", 3, "Desenvolupament Web en Entorn Client", "DFT", "140"),
("0613", 3, "Desenvolupament Web en Entorn Servidor", "DBK", "160"),
("0614", 3, "Desplegament d’Aplicacions Web", "DPL", "96"),
("0616", 3, "Projecte de Desenrotllament d'Aplicacions Web", "PRJ", "40");

INSERT INTO person(DNI, name, surname, phone, birth_date, personal_email, corporate_email) VALUES 
("93224949S", "Joan", "Sanchis", "662017589", "1994-08-10", "jsanchis@gmail.com", "joasan@iesserpis.org"),
("12359573V", "Carles", "Perelló", "620762790", "2000-06-22", "cperello@gmail.com", "carper@iesserpis.org"),
("40454056T", "Òscar", "Peris", "661713683", "1975-01-15", "operis@gmail.com", "oscper@iesserpis.org"),
("42509034C", "Andrès", "Pastor", "684877475", "1999-09-09", "apastor@gmail.com", "andpas@iesserpis.org"),
("82298742G", "Isabel", "Mora", "686168535", "1991-11-20", "imora@gmail.com", "isamor@iesserpis.org"),
("73903970W", "Maria", "Femenia", "640599110", "1974-12-04", "mfemenia@gmail.com", "marfem@iesserpis.org"),
("17286956H", "Mar", "Sánchez", "618817819", "1984-11-10", "msanchez@gmail.com", "marsan@iesserpis.org"),
("55739745G", "Marta", "Català", "618700264", "1992-02-09", "mcatala@gmail.com", "marcat@iesserpis.org"),

("60839601R", "Toni", "Sanchis", "672101281", "1995-06-22", "tsanchis@gmail.com", "tonsan@alu.iesserpis.org"),
("40189039N", "Enric", "Santacreu", "658137175", "1998-09-22", "esantacreu@gmail.com", "enrsan@alu.iesserpis.org"),
("72404553R", "Victor", "Martí", "645804246", "1993-11-19", "vmarti@gmail.com", "vicmar@alu.iesserpis.org"),
("54289537S", "Joan", "Català", "633445922", "1990-09-11", "jcatala@gmail.com", "joacat@alu.iesserpis.org"),
("68743667W", "Anna", "Martí", "628125919", "2000-09-04", "amarti@gmail.com", "annmar@alu.iesserpis.org"),
("87497335E", "Paula", "Ramos", "669988313", "1995-05-20", "pramos@gmail.com", "pauram@alu.iesserpis.org"),
("32409818N", "Marta", "Sanchis", "645788412", "1997-07-27", "msanchis@gmail.com", "marsan@alu.iesserpis.org"),
("40625464N", "Míriam", "Mas", "627074340", "1998-10-17", "mmas@gmail.com", "mirmas@alu.iesserpis.org"),

("44152608Z", "Nicolàs", "Benlloch", "601868509", "2001-02-09", "nbenlloch@gmail.com", "nicben@alu.iesserpis.org"),
("88629474D", "Vicent", "Mora", "640837290", "1997-12-24", "vmora@gmail.com", "vicmor@alu.iesserpis.org"),
("44791256K", "Àngel", "Ivars", "669864607", "1993-03-22", "aivars@gmail.com", "angiva@alu.iesserpis.org"),
("71299956W", "Pau", "Martí", "642347431", "1999-06-26", "pmarti@gmail.com", "paumar@alu.iesserpis.org"),
("63665445L", "Helena", "Benlloch", "668345602", "1994-11-21", "hbenlloch@gmail.com", "helben@alu.iesserpis.org"),
("75697315Z", "Teresa", "Ginestar", "676703329", "1993-05-16", "tginestar@gmail.com", "tergin@alu.iesserpis.org"),
("55508376S", "Helena", "Montserrat", "675920863", "1992-09-05", "hmontserrat@gmail.com", "helmon@alu.iesserpis.org"),
("78762933P", "Lorena", "Peris", "632916635", "1995-07-25", "lperis@gmail.com", "lorper@alu.iesserpis.org"),

("92743788Z", "Pau", "Ivars", "606381520", "1995-01-13", "pivars@gmail.com", "pauiva@alu.iesserpis.org"),
("41259845F", "Jordi", "Moll", "636520411", "1996-08-02", "jmoll@gmail.com", "jormol@alu.iesserpis.org"),
("67884293T", "Arnau", "Martínez", "653755867", "1990-07-21", "amartinez@gmail.com", "arnmar@alu.iesserpis.org"),
("79891955Y", "Miguel", "Martínez", "663640096", "1998-03-22", "mmartinez@gmail.com", "migmar@alu.iesserpis.org"),
("38620245W", "Teresa", "Mas", "621211227", "2002-08-16", "tmas@gmail.com", "termas@alu.iesserpis.org"),
("67647948A", "Anna", "Llopis", "626922074", "1995-01-12", "allopis@gmail.com", "annllo@alu.iesserpis.org"),
("39765288J", "Esther", "Montserrat", "684955211", "1992-02-25", "emontserrat@gmail.com", "estmon@alu.iesserpis.org"),
("56294859J", "Marta", "Ferrer", "646021551", "1991-09-17", "mferrer@gmail.com", "marfer@alu.iesserpis.org"),

("70632246M", "Josep", "Català", "683011223", "2001-11-21", "jcatala@gmail.com", "joscat@alu.iesserpis.org"),
("24623862Q", "Òscar", "Ivars", "670002329", "1999-11-10", "oivars@gmail.com", "osciva@alu.iesserpis.org"),
("18485557C", "Sergi", "Martínez", "690063442", "1994-07-26", "smartinez@gmail.com", "sermar@alu.iesserpis.org"),
("68498722F", "Enric", "Ramos", "690279667", "1998-04-10", "eramos@gmail.com", "enrram@alu.iesserpis.org"),
("58224076J", "Rosa", "Peris", "630602941", "2000-10-21", "rperis@gmail.com", "rosper@alu.iesserpis.org"),
("25962840A", "Aida", "Montserrat", "614982479", "1993-04-07", "amontserrat@gmail.com", "aidmon@alu.iesserpis.org"),
("53104350H", "Lídia", "Martí", "693722970", "1997-01-27", "lmarti@gmail.com", "lidmar@alu.iesserpis.org"),
("88279831N", "Aitana", "Bertomeu", "648904544", "2002-08-16", "abertomeu@gmail.com", "aitber@alu.iesserpis.org"),

("75935093H", "Ismael", "Marí", "682228231", "2001-12-21", "imari@gmail.com", "ismmar@alu.iesserpis.org"),
("18589096J", "David", "Marí", "655805504", "1999-05-05", "dmari@gmail.com", "davmar@alu.iesserpis.org"),
("33847291P", "Albert", "Sánchez", "625468692", "1998-06-16", "asanchez@gmail.com", "albsan@alu.iesserpis.org"),
("21078983N", "Pablo", "Ginestar", "697655964", "1998-10-01", "pginestar@gmail.com", "pabgin@alu.iesserpis.org"),
("40838808P", "Amparo", "Ginestar", "640917452", "1993-12-31", "aginestar@gmail.com", "ampgin@alu.iesserpis.org"),
("34033673K", "Núria", "Ivars", "616035379", "1995-10-10", "nivars@gmail.com", "nuriva@alu.iesserpis.org"),
("28968804M", "Gemma", "Femenia", "675390782", "1998-08-31", "gfemenia@gmail.com", "gemfem@alu.iesserpis.org"),
("81010248Q", "Anna", "Mas", "665190487", "2001-07-29", "amas@gmail.com", "annmas@alu.iesserpis.org");


INSERT INTO teacher(DNI) VALUES
("93224949S"),
("12359573V"),
("40454056T"),
("42509034C"),
("82298742G"),
("73903970W"),
("17286956H"),
("55739745G");

INSERT INTO `group`(course_id, letter, tutorDNI) VALUES
(1, "A", "93224949S"),
(2, "A", "12359573V"),
(2, "B", "40454056T"),
(3, "A", "42509034C"),
(4, "A", "82298742G");

INSERT INTO student(DNI, nia, course_id, group_letter) VALUES 
("60839601R", "10000001", 1, "A"),
("40189039N", "10000002", 1, "A"),
("72404553R", "10000003", 1, "A"),
("54289537S", "10000004", 1, "A"),
("68743667W", "10000005", 1, "A"),
("87497335E", "10000006", 1, "A"),
("32409818N", "10000007", 1, "A"),
("40625464N", "10000008", 1, "A"),

("44152608Z", "10000011", 2, "A"),
("88629474D", "10000012", 2, "A"),
("44791256K", "10000013", 2, "A"),
("71299956W", "10000014", 2, "A"),
("63665445L", "10000015", 2, "A"),
("75697315Z", "10000016", 2, "A"),
("55508376S", "10000017", 2, "A"),
("78762933P", "10000018", 2, "A"),

("92743788Z", "10000021", 2, "B"),
("41259845F", "10000022", 2, "B"),
("67884293T", "10000023", 2, "B"),
("79891955Y", "10000024", 2, "B"),
("38620245W", "10000025", 2, "B"),
("67647948A", "10000026", 2, "B"),
("39765288J", "10000027", 2, "B"),
("56294859J", "10000028", 2, "B"),

("70632246M", "10000031", 3, "A"),
("24623862Q", "10000032", 3, "A"),
("18485557C", "10000033", 3, "A"),
("68498722F", "10000034", 3, "A"),
("58224076J", "10000035", 3, "A"),
("25962840A", "10000036", 3, "A"),
("53104350H", "10000037", 3, "A"),
("88279831N", "10000038", 3, "A"),

("75935093H", "10000041", 4, "A"),
("18589096J", "10000042", 4, "A"),
("33847291P", "10000043", 4, "A"),
("21078983N", "10000044", 4, "A"),
("40838808P", "10000045", 4, "A"),
("34033673K", "10000046", 4, "A"),
("28968804M", "10000047", 4, "A"),
("81010248Q", "10000048", 4, "A");


INSERT INTO year(start_year, end_year) VALUES
(2021, 2022),
(2020, 2019);


INSERT INTO teaches(teacherDNI, subject_id, year) VALUES
("93224949S", "0483", 2021),
("12359573V", "0484", 2021),
("40454056T", "0485", 2021),
("93224949S", "0473", 2021),
("17286956H", "0487", 2021),
("73903970W", "0612", 2021),
("17286956H", "0613", 2021),
("55739745G", "0614", 2021),
("40454056T", "0483", 2020),
("12359573V", "0484", 2020),
("93224949S", "0485", 2020),
("73903970W", "0473", 2020),
("17286956H", "0487", 2020),
("93224949S", "0612", 2020),
("17286956H", "0613", 2020),
("55739745G", "0614", 2020),

("93224949S", "0369", 2021),
("12359573V", "0370", 2021),
("40454056T", "0371", 2021),
("93224949S", "0373", 2021),
("17286956H", "0374", 2021),
("73903970W", "0375", 2021),
("17286956H", "0376", 2021),
("55739745G", "0377", 2021),
("93224949S", "0378", 2020);

INSERT INTO enrolled(studentDNI, subject_id, year, grade) VALUES
("60839601R", "0369", 2021, 4.2),
("40189039N", "0369", 2021, 5.6),
("72404553R", "0369", 2021, 7.1),
("54289537S", "0369", 2021, 7.3),
("60839601R", "0370", 2021, 5.6),
("40189039N", "0370", 2021, 7.8),
("72404553R", "0370", 2021, 2.3),
("54289537S", "0370", 2021, 6.8),
("60839601R", "0371", 2021, 8.2),
("40189039N", "0371", 2021, 5.6),
("72404553R", "0371", 2021, 4.5),
("54289537S", "0371", 2021, 6.7),
("60839601R", "0373", 2021, 2.1),
("40189039N", "0373", 2021, 3.4),
("72404553R", "0373", 2021, 3.3),
("54289537S", "0373", 2021, 2.1),

("68743667W", "0374", 2021, 8.5),
("87497335E", "0374", 2021, 9.7),
("32409818N", "0374", 2021, 6.3),
("40625464N", "0374", 2021, 7.2),
("68743667W", "0375", 2021, 2.1),
("87497335E", "0375", 2021, 6.7),
("32409818N", "0375", 2021, 8.2),
("40625464N", "0375", 2021, 4.7),
("68743667W", "0376", 2021, 7.7),
("87497335E", "0376", 2021, 6.6),
("32409818N", "0376", 2021, 5.5),
("40625464N", "0376", 2021, 4.4),
("68743667W", "0377", 2021, 3.3),
("87497335E", "0377", 2021, 6.3),
("32409818N", "0377", 2021, 5.7),
("40625464N", "0377", 2021, 2.9),
("68743667W", "0378", 2021, 6.4),
("87497335E", "0378", 2021, 9.1),
("32409818N", "0378", 2021, 4.2),
("40625464N", "0378", 2021, 2.3),

("70632246M", "0483", 2021, 4.3),
("24623862Q", "0483", 2021, 6.1),
("18485557C", "0483", 2021, 7.7),
("68498722F", "0483", 2021, 6.5),
("70632246M", "0484", 2021, 6.1), 
("24623862Q", "0484", 2021, 7.3), 
("18485557C", "0484", 2021, 8.9), 
("68498722F", "0484", 2021, 9.1), 
("70632246M", "0485", 2021, 2.1),
("24623862Q", "0485", 2021, 3.2),
("18485557C", "0485", 2021, 6.7),
("68498722F", "0485", 2021, 7.8),
("70632246M", "0473", 2021, 9.0),
("24623862Q", "0473", 2021, 8.5),
("18485557C", "0473", 2021, 6.6),
("68498722F", "0473", 2021, 5.1),
("70632246M", "0487", 2021, 4.8),
("24623862Q", "0487", 2021, 3.2),
("18485557C", "0487", 2021, 7.5),
("68498722F", "0487", 2021, 6.3),

("58224076J", "0612", 2021, 9.1),  
("25962840A", "0612", 2021, 2.1),  
("53104350H", "0612", 2021, 3.2),  
("88279831N", "0612", 2021, 6.7),  
("58224076J", "0613", 2021, 7.8),  
("25962840A", "0613", 2021, 6.0),  
("53104350H", "0613", 2021, 8.5),  
("88279831N", "0613", 2021, 6.6),  
("58224076J", "0614", 2021, 5.1),  
("25962840A", "0614", 2021, 4.8),  
("53104350H", "0614", 2021, 3.2),  
("88279831N", "0614", 2021, 7.5),  
("58224076J", "0616", 2021, 1.3),  
("25962840A", "0616", 2021, 7.2),   
("53104350H", "0616", 2021, 4.5),   
("88279831N", "0616", 2021, 5.3);
